A3,B3,C3,D3,E3,F3,G3,H3,I3,J3,K3
B7,C7,D7,E7,F7,G7,H7,I7,J7,K7,L7
B8,C8,D8,E8,F8,G8,H8,I8,J8,K8,L8
B9,C9,D9,E9,F9,G9,H9,I9,J9,K9,L9
B10,C10,D10,E10,F10,G10,H10,I10,J10,K10,L10
B11,C11,D11,E11,F11,G11,H11,I11,J11,K11,L11
B12,C12,D12,E12,F12,G12,H12,I12,J12,K12,L12
B13,C13,D13,E13,F13,G13,H13,I13,J13,K13,L13
B14,C14,D14,E14,F14,G14,H14,I14,J14,K14,L14
B15,C15,D15,E15,F15,G15,H15,I15,J15,K15,L15
B16,C16,D16,E16,F16,G16,H16,I16,J16,K16,L16
B17,C17,D17,E17,F17,G17,H17,I17,J17,K17,L17
B18,C18,D18,E18,F18,G18,H18,I18,J18,K18,L18
B19,C19,D19,E19,F19,G19,H19,I19,J19,K19,L19
B20,C20,D20,E20,F20,G20,H20,I20,J20,K20,L20
B22,C22,D22,E22,F22,G22,H22,I22,J22,K22,L22
B23,C23,D23,E23,F23,G23,H23,I23,J23,K23,L23
B24,C24,D24,E24,F24,G24,H24,I24,J24,K24,L24
B25,C25,D25,E25,F25,G25,H25,I25,J25,K25,L25
B26,C26,D26,E26,F26,G26,H26,I26,J26,K26,L26
B27,C27,D27,E27,F27,G27,H27,I27,J27,K27,L27
B28,C28,D28,E28,F28,G28,H28,I28,J28,K28,L28
B29,C29,D29,E29,F29,G29,H29,I29,J29,K29,L29
B30,C30,D30,E30,F30,G30,H30,I30,J30,K30,L30
B31,C31,D31,E31,F31,G31,H31,I31,J31,K31,L31
B32,C32,D32,E32,F32,G32,H32,I32,J32,K32,L32
B33,C33,D33,E33,F33,G33,H33,I33,J33,K33,L33
B34,C34,D34,E34,F34,G34,H34,I34,J34,K34,L34
B35,C35,D35,E35,F35,G35,H35,I35,J35,K35,L35
B37,C37,D37,E37,F37,G37,H37,I37,J37,K37,L37
B38,C38,D38,E38,F38,G38,H38,I38,J38,K38,L38
B39,C39,D39,E39,F39,G39,H39,I39,J39,K39,L39
B40,C40,D40,E40,F40,G40,H40,I40,J40,K40,L40
B41,C41,D41,E41,F41,G41,H41,I41,J41,K41,L41
B42,C42,D42,E42,F42,G42,H42,I42,J42,K42,L42
B43,C43,D43,E43,F43,G43,H43,I43,J43,K43,L43
B44,C44,D44,E44,F44,G44,H44,I44,J44,K44,L44
B45,C45,D45,E45,F45,G45,H45,I45,J45,K45,L45
B46,C46,D46,E46,F46,G46,H46,I46,J46,K46,L46
B47,C47,D47,E47,F47,G47,H47,I47,J47,K47,L47
B48,C48,D48,E48,F48,G48,H48,I48,J48,K48,L48
B49,C49,D49,E49,F49,G49,H49,I49,J49,K49,L49
B50,C50,D50,E50,F50,G50,H50,I50,J50,K50,L50
B52,C52,D52,E52,F52,G52,H52,I52,J52,K52,L52
B53,C53,D53,E53,F53,G53,H53,I53,J53,K53,L53
B54,C54,D54,E54,F54,G54,H54,I54,J54,K54,L54
B55,C55,D55,E55,F55,G55,H55,I55,J55,K55,L55
B56,C56,D56,E56,F56,G56,H56,I56,J56,K56,L56
B57,C57,D57,E57,F57,G57,H57,I57,J57,K57,L57
B58,C58,D58,E58,F58,G58,H58,I58,J58,K58,L58
B59,C59,D59,E59,F59,G59,H59,I59,J59,K59,L59
B60,C60,D60,E60,F60,G60,H60,I60,J60,K60,L60
B61,C61,D61,E61,F61,G61,H61,I61,J61,K61,L61
B62,C62,D62,E62,F62,G62,H62,I62,J62,K62,L62
B63,C63,D63,E63,F63,G63,H63,I63,J63,K63,L63
B64,C64,D64,E64,F64,G64,H64,I64,J64,K64,L64
B65,C65,D65,E65,F65,G65,H65,I65,J65,K65,L65
B67,C67,D67,E67,F67,G67,H67,I67,J67,K67,L67
B68,C68,D68,E68,F68,G68,H68,I68,J68,K68,L68
B69,C69,D69,E69,F69,G69,H69,I69,J69,K69,L69
B70,C70,D70,E70,F70,G70,H70,I70,J70,K70,L70
B71,C71,D71,E71,F71,G71,H71,I71,J71,K71,L71
B72,C72,D72,E72,F72,G72,H72,I72,J72,K72,L72
B73,C73,D73,E73,F73,G73,H73,I73,J73,K73,L73
B74,C74,D74,E74,F74,G74,H74,I74,J74,K74,L74
B75,C75,D75,E75,F75,G75,H75,I75,J75,K75,L75
B76,C76,D76,E76,F76,G76,H76,I76,J76,K76,L76
B77,C77,D77,E77,F77,G77,H77,I77,J77,K77,L77
B78,C78,D78,E78,F78,G78,H78,I78,J78,K78,L78
B79,C79,D79,E79,F79,G79,H79,I79,J79,K79,L79
B80,C80,D80,E80,F80,G80,H80,I80,J80,K80,L80
B82,C82,D82,E82,F82,G82,H82,I82,J82,K82,L82
B83,C83,D83,E83,F83,G83,H83,I83,J83,K83,L83
B84,C84,D84,E84,F84,G84,H84,I84,J84,K84,L84
B85,C85,D85,E85,F85,G85,H85,I85,J85,K85,L85
B86,C86,D86,E86,F86,G86,H86,I86,J86,K86,L86
B87,C87,D87,E87,F87,G87,H87,I87,J87,K87,L87
B88,C88,D88,E88,F88,G88,H88,I88,J88,K88,L88
B89,C89,D89,E89,F89,G89,H89,I89,J89,K89,L89
B90,C90,D90,E90,F90,G90,H90,I90,J90,K90,L90
B91,C91,D91,E91,F91,G91,H91,I91,J91,K91,L91
B92,C92,D92,E92,F92,G92,H92,I92,J92,K92,L92
B93,C93,D93,E93,F93,G93,H93,I93,J93,K93,L93
B94,C94,D94,E94,F94,G94,H94,I94,J94,K94,L94
B95,C95,D95,E95,F95,G95,H95,I95,J95,K95,L95
B97,C97,D97,E97,F97,G97,H97,I97,J97,K97,L97
B98,C98,D98,E98,F98,G98,H98,I98,J98,K98,L98
B99,C99,D99,E99,F99,G99,H99,I99,J99,K99,L99
B100,C100,D100,E100,F100,G100,H100,I100,J100,K100,L100
B101,C101,D101,E101,F101,G101,H101,I101,J101,K101,L101
B102,C102,D102,E102,F102,G102,H102,I102,J102,K102,L102
B103,C103,D103,E103,F103,G103,H103,I103,J103,K103,L103
B104,C104,D104,E104,F104,G104,H104,I104,J104,K104,L104
B105,C105,D105,E105,F105,G105,H105,I105,J105,K105,L105
B106,C106,D106,E106,F106,G106,H106,I106,J106,K106,L106
B107,C107,D107,E107,F107,G107,H107,I107,J107,K107,L107
B108,C108,D108,E108,F108,G108,H108,I108,J108,K108,L108
B109,C109,D109,E109,F109,G109,H109,I109,J109,K109,L109
B110,C110,D110,E110,F110,G110,H110,I110,J110,K110,L110
B112,C112,D112,E112,F112,G112,H112,I112,J112,K112,L112
B113,C113,D113,E113,F113,G113,H113,I113,J113,K113,L113
B114,C114,D114,E114,F114,G114,H114,I114,J114,K114,L114
B115,C115,D115,E115,F115,G115,H115,I115,J115,K115,L115
B116,C116,D116,E116,F116,G116,H116,I116,J116,K116,L116
B117,C117,D117,E117,F117,G117,H117,I117,J117,K117,L117
B118,C118,D118,E118,F118,G118,H118,I118,J118,K118,L118
B119,C119,D119,E119,F119,G119,H119,I119,J119,K119,L119
B120,C120,D120,E120,F120,G120,H120,I120,J120,K120,L120
B121,C121,D121,E121,F121,G121,H121,I121,J121,K121,L121
B122,C122,D122,E122,F122,G122,H122,I122,J122,K122,L122
B123,C123,D123,E123,F123,G123,H123,I123,J123,K123,L123
B124,C124,D124,E124,F124,G124,H124,I124,J124,K124,L124
B125,C125,D125,E125,F125,G125,H125,I125,J125,K125,L125
B127,C127,D127,E127,F127,G127,H127,I127,J127,K127,L127
B128,C128,D128,E128,F128,G128,H128,I128,J128,K128,L128
B129,C129,D129,E129,F129,G129,H129,I129,J129,K129,L129
B130,C130,D130,E130,F130,G130,H130,I130,J130,K130,L130
B131,C131,D131,E131,F131,G131,H131,I131,J131,K131,L131
B132,C132,D132,E132,F132,G132,H132,I132,J132,K132,L132
B133,C133,D133,E133,F133,G133,H133,I133,J133,K133,L133
B134,C134,D134,E134,F134,G134,H134,I134,J134,K134,L134
B135,C135,D135,E135,F135,G135,H135,I135,J135,K135,L135
B136,C136,D136,E136,F136,G136,H136,I136,J136,K136,L136
B137,C137,D137,E137,F137,G137,H137,I137,J137,K137,L137
B138,C138,D138,E138,F138,G138,H138,I138,J138,K138,L138
B139,C139,D139,E139,F139,G139,H139,I139,J139,K139,L139
B140,C140,D140,E140,F140,G140,H140,I140,J140,K140,L140
B142,C142,D142,E142,F142,G142,H142,I142,J142,K142,L142
B143,C143,D143,E143,F143,G143,H143,I143,J143,K143,L143
B144,C144,D144,E144,F144,G144,H144,I144,J144,K144,L144
B145,C145,D145,E145,F145,G145,H145,I145,J145,K145,L145
B146,C146,D146,E146,F146,G146,H146,I146,J146,K146,L146
B147,C147,D147,E147,F147,G147,H147,I147,J147,K147,L147
B148,C148,D148,E148,F148,G148,H148,I148,J148,K148,L148
B149,C149,D149,E149,F149,G149,H149,I149,J149,K149,L149
B150,C150,D150,E150,F150,G150,H150,I150,J150,K150,L150
B151,C151,D151,E151,F151,G151,H151,I151,J151,K151,L151
B152,C152,D152,E152,F152,G152,H152,I152,J152,K152,L152
B153,C153,D153,E153,F153,G153,H153,I153,J153,K153,L153
B154,C154,D154,E154,F154,G154,H154,I154,J154,K154,L154
B155,C155,D155,E155,F155,G155,H155,I155,J155,K155,L155
B157,C157,D157,E157,F157,G157,H157,I157,J157,K157,L157
B158,C158,D158,E158,F158,G158,H158,I158,J158,K158,L158
B159,C159,D159,E159,F159,G159,H159,I159,J159,K159,L159
B160,C160,D160,E160,F160,G160,H160,I160,J160,K160,L160
B161,C161,D161,E161,F161,G161,H161,I161,J161,K161,L161
B162,C162,D162,E162,F162,G162,H162,I162,J162,K162,L162
B163,C163,D163,E163,F163,G163,H163,I163,J163,K163,L163
B164,C164,D164,E164,F164,G164,H164,I164,J164,K164,L164
B165,C165,D165,E165,F165,G165,H165,I165,J165,K165,L165
B166,C166,D166,E166,F166,G166,H166,I166,J166,K166,L166
B167,C167,D167,E167,F167,G167,H167,I167,J167,K167,L167
B168,C168,D168,E168,F168,G168,H168,I168,J168,K168,L168
B169,C169,D169,E169,F169,G169,H169,I169,J169,K169,L169
B170,C170,D170,E170,F170,G170,H170,I170,J170,K170,L170
B172,C172,D172,E172,F172,G172,H172,I172,J172,K172,L172
B173,C173,D173,E173,F173,G173,H173,I173,J173,K173,L173
B174,C174,D174,E174,F174,G174,H174,I174,J174,K174,L174
B175,C175,D175,E175,F175,G175,H175,I175,J175,K175,L175
B176,C176,D176,E176,F176,G176,H176,I176,J176,K176,L176
B177,C177,D177,E177,F177,G177,H177,I177,J177,K177,L177
B178,C178,D178,E178,F178,G178,H178,I178,J178,K178,L178
B179,C179,D179,E179,F179,G179,H179,I179,J179,K179,L179
B180,C180,D180,E180,F180,G180,H180,I180,J180,K180,L180
B181,C181,D181,E181,F181,G181,H181,I181,J181,K181,L181
B182,C182,D182,E182,F182,G182,H182,I182,J182,K182,L182
B183,C183,D183,E183,F183,G183,H183,I183,J183,K183,L183
B184,C184,D184,E184,F184,G184,H184,I184,J184,K184,L184
B185,C185,D185,E185,F185,G185,H185,I185,J185,K185,L185
B187,C187,D187,E187,F187,G187,H187,I187,J187,K187,L187
B188,C188,D188,E188,F188,G188,H188,I188,J188,K188,L188
B189,C189,D189,E189,F189,G189,H189,I189,J189,K189,L189
B190,C190,D190,E190,F190,G190,H190,I190,J190,K190,L190
B191,C191,D191,E191,F191,G191,H191,I191,J191,K191,L191
B192,C192,D192,E192,F192,G192,H192,I192,J192,K192,L192
B193,C193,D193,E193,F193,G193,H193,I193,J193,K193,L193
B194,C194,D194,E194,F194,G194,H194,I194,J194,K194,L194
B195,C195,D195,E195,F195,G195,H195,I195,J195,K195,L195
B196,C196,D196,E196,F196,G196,H196,I196,J196,K196,L196
B197,C197,D197,E197,F197,G197,H197,I197,J197,K197,L197
B198,C198,D198,E198,F198,G198,H198,I198,J198,K198,L198
B199,C199,D199,E199,F199,G199,H199,I199,J199,K199,L199
B200,C200,D200,E200,F200,G200,H200,I200,J200,K200,L200
B202,C202,D202,E202,F202,G202,H202,I202,J202,K202,L202
B203,C203,D203,E203,F203,G203,H203,I203,J203,K203,L203
B204,C204,D204,E204,F204,G204,H204,I204,J204,K204,L204
B205,C205,D205,E205,F205,G205,H205,I205,J205,K205,L205
B206,C206,D206,E206,F206,G206,H206,I206,J206,K206,L206
B207,C207,D207,E207,F207,G207,H207,I207,J207,K207,L207
B208,C208,D208,E208,F208,G208,H208,I208,J208,K208,L208
B209,C209,D209,E209,F209,G209,H209,I209,J209,K209,L209
B210,C210,D210,E210,F210,G210,H210,I210,J210,K210,L210
B211,C211,D211,E211,F211,G211,H211,I211,J211,K211,L211
B212,C212,D212,E212,F212,G212,H212,I212,J212,K212,L212
B213,C213,D213,E213,F213,G213,H213,I213,J213,K213,L213
B214,C214,D214,E214,F214,G214,H214,I214,J214,K214,L214
B215,C215,D215,E215,F215,G215,H215,I215,J215,K215,L215
B217,C217,D217,E217,F217,G217,H217,I217,J217,K217,L217
B218,C218,D218,E218,F218,G218,H218,I218,J218,K218,L218
B219,C219,D219,E219,F219,G219,H219,I219,J219,K219,L219
B220,C220,D220,E220,F220,G220,H220,I220,J220,K220,L220
B221,C221,D221,E221,F221,G221,H221,I221,J221,K221,L221
B222,C222,D222,E222,F222,G222,H222,I222,J222,K222,L222
B223,C223,D223,E223,F223,G223,H223,I223,J223,K223,L223
B224,C224,D224,E224,F224,G224,H224,I224,J224,K224,L224
B225,C225,D225,E225,F225,G225,H225,I225,J225,K225,L225
B226,C226,D226,E226,F226,G226,H226,I226,J226,K226,L226
B227,C227,D227,E227,F227,G227,H227,I227,J227,K227,L227
B228,C228,D228,E228,F228,G228,H228,I228,J228,K228,L228
B229,C229,D229,E229,F229,G229,H229,I229,J229,K229,L229
B230,C230,D230,E230,F230,G230,H230,I230,J230,K230,L230
B232,C232,D232,E232,F232,G232,H232,I232,J232,K232,L232
B233,C233,D233,E233,F233,G233,H233,I233,J233,K233,L233
B234,C234,D234,E234,F234,G234,H234,I234,J234,K234,L234
B235,C235,D235,E235,F235,G235,H235,I235,J235,K235,L235
B236,C236,D236,E236,F236,G236,H236,I236,J236,K236,L236
B237,C237,D237,E237,F237,G237,H237,I237,J237,K237,L237
B238,C238,D238,E238,F238,G238,H238,I238,J238,K238,L238
B239,C239,D239,E239,F239,G239,H239,I239,J239,K239,L239
B240,C240,D240,E240,F240,G240,H240,I240,J240,K240,L240
B241,C241,D241,E241,F241,G241,H241,I241,J241,K241,L241
B242,C242,D242,E242,F242,G242,H242,I242,J242,K242,L242
B243,C243,D243,E243,F243,G243,H243,I243,J243,K243,L243
B244,C244,D244,E244,F244,G244,H244,I244,J244,K244,L244
B245,C245,D245,E245,F245,G245,H245,I245,J245,K245,L245
B247,C247,D247,E247,F247,G247,H247,I247,J247,K247,L247
B248,C248,D248,E248,F248,G248,H248,I248,J248,K248,L248
B249,C249,D249,E249,F249,G249,H249,I249,J249,K249,L249
B250,C250,D250,E250,F250,G250,H250,I250,J250,K250,L250
B251,C251,D251,E251,F251,G251,H251,I251,J251,K251,L251
B252,C252,D252,E252,F252,G252,H252,I252,J252,K252,L252
B253,C253,D253,E253,F253,G253,H253,I253,J253,K253,L253
B254,C254,D254,E254,F254,G254,H254,I254,J254,K254,L254
B255,C255,D255,E255,F255,G255,H255,I255,J255,K255,L255
B256,C256,D256,E256,F256,G256,H256,I256,J256,K256,L256
B257,C257,D257,E257,F257,G257,H257,I257,J257,K257,L257
B258,C258,D258,E258,F258,G258,H258,I258,J258,K258,L258
B259,C259,D259,E259,F259,G259,H259,I259,J259,K259,L259
B260,C260,D260,E260,F260,G260,H260,I260,J260,K260,L260
B262,C262,D262,E262,F262,G262,H262,I262,J262,K262,L262
B263,C263,D263,E263,F263,G263,H263,I263,J263,K263,L263
B264,C264,D264,E264,F264,G264,H264,I264,J264,K264,L264
B265,C265,D265,E265,F265,G265,H265,I265,J265,K265,L265
B266,C266,D266,E266,F266,G266,H266,I266,J266,K266,L266
B267,C267,D267,E267,F267,G267,H267,I267,J267,K267,L267
B268,C268,D268,E268,F268,G268,H268,I268,J268,K268,L268
B269,C269,D269,E269,F269,G269,H269,I269,J269,K269,L269
B270,C270,D270,E270,F270,G270,H270,I270,J270,K270,L270
B271,C271,D271,E271,F271,G271,H271,I271,J271,K271,L271
B272,C272,D272,E272,F272,G272,H272,I272,J272,K272,L272
B273,C273,D273,E273,F273,G273,H273,I273,J273,K273,L273
B274,C274,D274,E274,F274,G274,H274,I274,J274,K274,L274
B275,C275,D275,E275,F275,G275,H275,I275,J275,K275,L275
B277,C277,D277,E277,F277,G277,H277,I277,J277,K277,L277
B278,C278,D278,E278,F278,G278,H278,I278,J278,K278,L278
B279,C279,D279,E279,F279,G279,H279,I279,J279,K279,L279
B280,C280,D280,E280,F280,G280,H280,I280,J280,K280,L280
B281,C281,D281,E281,F281,G281,H281,I281,J281,K281,L281
B282,C282,D282,E282,F282,G282,H282,I282,J282,K282,L282
B283,C283,D283,E283,F283,G283,H283,I283,J283,K283,L283
B284,C284,D284,E284,F284,G284,H284,I284,J284,K284,L284
B285,C285,D285,E285,F285,G285,H285,I285,J285,K285,L285
B286,C286,D286,E286,F286,G286,H286,I286,J286,K286,L286
B287,C287,D287,E287,F287,G287,H287,I287,J287,K287,L287
B288,C288,D288,E288,F288,G288,H288,I288,J288,K288,L288
B289,C289,D289,E289,F289,G289,H289,I289,J289,K289,L289
B290,C290,D290,E290,F290,G290,H290,I290,J290,K290,L290
B292,C292,D292,E292,F292,G292,H292,I292,J292,K292,L292
B293,C293,D293,E293,F293,G293,H293,I293,J293,K293,L293
B294,C294,D294,E294,F294,G294,H294,I294,J294,K294,L294
B295,C295,D295,E295,F295,G295,H295,I295,J295,K295,L295
B296,C296,D296,E296,F296,G296,H296,I296,J296,K296,L296
B297,C297,D297,E297,F297,G297,H297,I297,J297,K297,L297
B298,C298,D298,E298,F298,G298,H298,I298,J298,K298,L298
B299,C299,D299,E299,F299,G299,H299,I299,J299,K299,L299
B300,C300,D300,E300,F300,G300,H300,I300,J300,K300,L300
B301,C301,D301,E301,F301,G301,H301,I301,J301,K301,L301
B302,C302,D302,E302,F302,G302,H302,I302,J302,K302,L302
B303,C303,D303,E303,F303,G303,H303,I303,J303,K303,L303
B304,C304,D304,E304,F304,G304,H304,I304,J304,K304,L304
B305,C305,D305,E305,F305,G305,H305,I305,J305,K305,L305
B307,C307,D307,E307,F307,G307,H307,I307,J307,K307,L307
B308,C308,D308,E308,F308,G308,H308,I308,J308,K308,L308
B309,C309,D309,E309,F309,G309,H309,I309,J309,K309,L309
B310,C310,D310,E310,F310,G310,H310,I310,J310,K310,L310
B311,C311,D311,E311,F311,G311,H311,I311,J311,K311,L311
B312,C312,D312,E312,F312,G312,H312,I312,J312,K312,L312
B313,C313,D313,E313,F313,G313,H313,I313,J313,K313,L313
B314,C314,D314,E314,F314,G314,H314,I314,J314,K314,L314
B315,C315,D315,E315,F315,G315,H315,I315,J315,K315,L315
B316,C316,D316,E316,F316,G316,H316,I316,J316,K316,L316
B317,C317,D317,E317,F317,G317,H317,I317,J317,K317,L317
B318,C318,D318,E318,F318,G318,H318,I318,J318,K318,L318
B319,C319,D319,E319,F319,G319,H319,I319,J319,K319,L319
B320,C320,D320,E320,F320,G320,H320,I320,J320,K320,L320
B322,C322,D322,E322,F322,G322,H322,I322,J322,K322,L322
B323,C323,D323,E323,F323,G323,H323,I323,J323,K323,L323
B324,C324,D324,E324,F324,G324,H324,I324,J324,K324,L324
B325,C325,D325,E325,F325,G325,H325,I325,J325,K325,L325
B326,C326,D326,E326,F326,G326,H326,I326,J326,K326,L326
B327,C327,D327,E327,F327,G327,H327,I327,J327,K327,L327
B328,C328,D328,E328,F328,G328,H328,I328,J328,K328,L328
B329,C329,D329,E329,F329,G329,H329,I329,J329,K329,L329
B330,C330,D330,E330,F330,G330,H330,I330,J330,K330,L330
B331,C331,D331,E331,F331,G331,H331,I331,J331,K331,L331
B332,C332,D332,E332,F332,G332,H332,I332,J332,K332,L332
B333,C333,D333,E333,F333,G333,H333,I333,J333,K333,L333
B334,C334,D334,E334,F334,G334,H334,I334,J334,K334,L334
B335,C335,D335,E335,F335,G335,H335,I335,J335,K335,L335
B337,C337,D337,E337,F337,G337,H337,I337,J337,K337,L337
B338,C338,D338,E338,F338,G338,H338,I338,J338,K338,L338
B339,C339,D339,E339,F339,G339,H339,I339,J339,K339,L339
B340,C340,D340,E340,F340,G340,H340,I340,J340,K340,L340
B341,C341,D341,E341,F341,G341,H341,I341,J341,K341,L341
B342,C342,D342,E342,F342,G342,H342,I342,J342,K342,L342
B343,C343,D343,E343,F343,G343,H343,I343,J343,K343,L343
B344,C344,D344,E344,F344,G344,H344,I344,J344,K344,L344
B345,C345,D345,E345,F345,G345,H345,I345,J345,K345,L345
B346,C346,D346,E346,F346,G346,H346,I346,J346,K346,L346
B347,C347,D347,E347,F347,G347,H347,I347,J347,K347,L347
B348,C348,D348,E348,F348,G348,H348,I348,J348,K348,L348
B349,C349,D349,E349,F349,G349,H349,I349,J349,K349,L349
B350,C350,D350,E350,F350,G350,H350,I350,J350,K350,L350
B352,C352,D352,E352,F352,G352,H352,I352,J352,K352,L352
B353,C353,D353,E353,F353,G353,H353,I353,J353,K353,L353
B354,C354,D354,E354,F354,G354,H354,I354,J354,K354,L354
B355,C355,D355,E355,F355,G355,H355,I355,J355,K355,L355
B356,C356,D356,E356,F356,G356,H356,I356,J356,K356,L356
B357,C357,D357,E357,F357,G357,H357,I357,J357,K357,L357
B358,C358,D358,E358,F358,G358,H358,I358,J358,K358,L358
B359,C359,D359,E359,F359,G359,H359,I359,J359,K359,L359
B360,C360,D360,E360,F360,G360,H360,I360,J360,K360,L360
B361,C361,D361,E361,F361,G361,H361,I361,J361,K361,L361
B362,C362,D362,E362,F362,G362,H362,I362,J362,K362,L362
B363,C363,D363,E363,F363,G363,H363,I363,J363,K363,L363
B364,C364,D364,E364,F364,G364,H364,I364,J364,K364,L364
B365,C365,D365,E365,F365,G365,H365,I365,J365,K365,L365
B367,C367,D367,E367,F367,G367,H367,I367,J367,K367,L367
B368,C368,D368,E368,F368,G368,H368,I368,J368,K368,L368
B369,C369,D369,E369,F369,G369,H369,I369,J369,K369,L369
B370,C370,D370,E370,F370,G370,H370,I370,J370,K370,L370
B371,C371,D371,E371,F371,G371,H371,I371,J371,K371,L371
B372,C372,D372,E372,F372,G372,H372,I372,J372,K372,L372
B373,C373,D373,E373,F373,G373,H373,I373,J373,K373,L373
B374,C374,D374,E374,F374,G374,H374,I374,J374,K374,L374
B375,C375,D375,E375,F375,G375,H375,I375,J375,K375,L375
B376,C376,D376,E376,F376,G376,H376,I376,J376,K376,L376
B377,C377,D377,E377,F377,G377,H377,I377,J377,K377,L377
B378,C378,D378,E378,F378,G378,H378,I378,J378,K378,L378
B379,C379,D379,E379,F379,G379,H379,I379,J379,K379,L379
B380,C380,D380,E380,F380,G380,H380,I380,J380,K380,L380
B382,C382,D382,E382,F382,G382,H382,I382,J382,K382,L382
B383,C383,D383,E383,F383,G383,H383,I383,J383,K383,L383
B384,C384,D384,E384,F384,G384,H384,I384,J384,K384,L384
B385,C385,D385,E385,F385,G385,H385,I385,J385,K385,L385
B386,C386,D386,E386,F386,G386,H386,I386,J386,K386,L386
B387,C387,D387,E387,F387,G387,H387,I387,J387,K387,L387
B388,C388,D388,E388,F388,G388,H388,I388,J388,K388,L388
B389,C389,D389,E389,F389,G389,H389,I389,J389,K389,L389
B390,C390,D390,E390,F390,G390,H390,I390,J390,K390,L390
B391,C391,D391,E391,F391,G391,H391,I391,J391,K391,L391
B392,C392,D392,E392,F392,G392,H392,I392,J392,K392,L392
B393,C393,D393,E393,F393,G393,H393,I393,J393,K393,L393
B394,C394,D394,E394,F394,G394,H394,I394,J394,K394,L394
B395,C395,D395,E395,F395,G395,H395,I395,J395,K395,L395
B397,C397,D397,E397,F397,G397,H397,I397,J397,K397,L397
B398,C398,D398,E398,F398,G398,H398,I398,J398,K398,L398
B399,C399,D399,E399,F399,G399,H399,I399,J399,K399,L399
B400,C400,D400,E400,F400,G400,H400,I400,J400,K400,L400
B401,C401,D401,E401,F401,G401,H401,I401,J401,K401,L401
B402,C402,D402,E402,F402,G402,H402,I402,J402,K402,L402
B403,C403,D403,E403,F403,G403,H403,I403,J403,K403,L403
B404,C404,D404,E404,F404,G404,H404,I404,J404,K404,L404
B405,C405,D405,E405,F405,G405,H405,I405,J405,K405,L405
B406,C406,D406,E406,F406,G406,H406,I406,J406,K406,L406
B407,C407,D407,E407,F407,G407,H407,I407,J407,K407,L407
B408,C408,D408,E408,F408,G408,H408,I408,J408,K408,L408
B409,C409,D409,E409,F409,G409,H409,I409,J409,K409,L409
B410,C410,D410,E410,F410,G410,H410,I410,J410,K410,L410
B412,C412,D412,E412,F412,G412,H412,I412,J412,K412,L412
B413,C413,D413,E413,F413,G413,H413,I413,J413,K413,L413
B414,C414,D414,E414,F414,G414,H414,I414,J414,K414,L414
B415,C415,D415,E415,F415,G415,H415,I415,J415,K415,L415
B416,C416,D416,E416,F416,G416,H416,I416,J416,K416,L416
B417,C417,D417,E417,F417,G417,H417,I417,J417,K417,L417
B418,C418,D418,E418,F418,G418,H418,I418,J418,K418,L418
B419,C419,D419,E419,F419,G419,H419,I419,J419,K419,L419
B420,C420,D420,E420,F420,G420,H420,I420,J420,K420,L420
B421,C421,D421,E421,F421,G421,H421,I421,J421,K421,L421
B422,C422,D422,E422,F422,G422,H422,I422,J422,K422,L422
B423,C423,D423,E423,F423,G423,H423,I423,J423,K423,L423
B424,C424,D424,E424,F424,G424,H424,I424,J424,K424,L424
B425,C425,D425,E425,F425,G425,H425,I425,J425,K425,L425
B427,C427,D427,E427,F427,G427,H427,I427,J427,K427,L427
B428,C428,D428,E428,F428,G428,H428,I428,J428,K428,L428
B429,C429,D429,E429,F429,G429,H429,I429,J429,K429,L429
B430,C430,D430,E430,F430,G430,H430,I430,J430,K430,L430
B431,C431,D431,E431,F431,G431,H431,I431,J431,K431,L431
B432,C432,D432,E432,F432,G432,H432,I432,J432,K432,L432
B433,C433,D433,E433,F433,G433,H433,I433,J433,K433,L433
B434,C434,D434,E434,F434,G434,H434,I434,J434,K434,L434
B435,C435,D435,E435,F435,G435,H435,I435,J435,K435,L435
B436,C436,D436,E436,F436,G436,H436,I436,J436,K436,L436
B437,C437,D437,E437,F437,G437,H437,I437,J437,K437,L437
B438,C438,D438,E438,F438,G438,H438,I438,J438,K438,L438
B439,C439,D439,E439,F439,G439,H439,I439,J439,K439,L439
B440,C440,D440,E440,F440,G440,H440,I440,J440,K440,L440
B442,C442,D442,E442,F442,G442,H442,I442,J442,K442,L442
B443,C443,D443,E443,F443,G443,H443,I443,J443,K443,L443
B444,C444,D444,E444,F444,G444,H444,I444,J444,K444,L444
B445,C445,D445,E445,F445,G445,H445,I445,J445,K445,L445
B446,C446,D446,E446,F446,G446,H446,I446,J446,K446,L446
B447,C447,D447,E447,F447,G447,H447,I447,J447,K447,L447
B448,C448,D448,E448,F448,G448,H448,I448,J448,K448,L448
B449,C449,D449,E449,F449,G449,H449,I449,J449,K449,L449
B450,C450,D450,E450,F450,G450,H450,I450,J450,K450,L450
B451,C451,D451,E451,F451,G451,H451,I451,J451,K451,L451
B452,C452,D452,E452,F452,G452,H452,I452,J452,K452,L452
B453,C453,D453,E453,F453,G453,H453,I453,J453,K453,L453
B454,C454,D454,E454,F454,G454,H454,I454,J454,K454,L454
B455,C455,D455,E455,F455,G455,H455,I455,J455,K455,L455
B457,C457,D457,E457,F457,G457,H457,I457,J457,K457,L457
B458,C458,D458,E458,F458,G458,H458,I458,J458,K458,L458
B459,C459,D459,E459,F459,G459,H459,I459,J459,K459,L459
B460,C460,D460,E460,F460,G460,H460,I460,J460,K460,L460
B461,C461,D461,E461,F461,G461,H461,I461,J461,K461,L461
B462,C462,D462,E462,F462,G462,H462,I462,J462,K462,L462
B463,C463,D463,E463,F463,G463,H463,I463,J463,K463,L463
B464,C464,D464,E464,F464,G464,H464,I464,J464,K464,L464
B465,C465,D465,E465,F465,G465,H465,I465,J465,K465,L465
B466,C466,D466,E466,F466,G466,H466,I466,J466,K466,L466
B467,C467,D467,E467,F467,G467,H467,I467,J467,K467,L467
B468,C468,D468,E468,F468,G468,H468,I468,J468,K468,L468
B469,C469,D469,E469,F469,G469,H469,I469,J469,K469,L469
B470,C470,D470,E470,F470,G470,H470,I470,J470,K470,L470
B472,C472,D472,E472,F472,G472,H472,I472,J472,K472,L472
B473,C473,D473,E473,F473,G473,H473,I473,J473,K473,L473
B474,C474,D474,E474,F474,G474,H474,I474,J474,K474,L474
B475,C475,D475,E475,F475,G475,H475,I475,J475,K475,L475
B476,C476,D476,E476,F476,G476,H476,I476,J476,K476,L476
B477,C477,D477,E477,F477,G477,H477,I477,J477,K477,L477
B478,C478,D478,E478,F478,G478,H478,I478,J478,K478,L478
B479,C479,D479,E479,F479,G479,H479,I479,J479,K479,L479
B480,C480,D480,E480,F480,G480,H480,I480,J480,K480,L480
B481,C481,D481,E481,F481,G481,H481,I481,J481,K481,L481
B482,C482,D482,E482,F482,G482,H482,I482,J482,K482,L482
B483,C483,D483,E483,F483,G483,H483,I483,J483,K483,L483
B484,C484,D484,E484,F484,G484,H484,I484,J484,K484,L484
B485,C485,D485,E485,F485,G485,H485,I485,J485,K485,L485
B487,C487,D487,E487,F487,G487,H487,I487,J487,K487,L487
B488,C488,D488,E488,F488,G488,H488,I488,J488,K488,L488
B489,C489,D489,E489,F489,G489,H489,I489,J489,K489,L489
B490,C490,D490,E490,F490,G490,H490,I490,J490,K490,L490
B491,C491,D491,E491,F491,G491,H491,I491,J491,K491,L491
B492,C492,D492,E492,F492,G492,H492,I492,J492,K492,L492
B493,C493,D493,E493,F493,G493,H493,I493,J493,K493,L493
B494,C494,D494,E494,F494,G494,H494,I494,J494,K494,L494
B495,C495,D495,E495,F495,G495,H495,I495,J495,K495,L495
B496,C496,D496,E496,F496,G496,H496,I496,J496,K496,L496
B497,C497,D497,E497,F497,G497,H497,I497,J497,K497,L497
B498,C498,D498,E498,F498,G498,H498,I498,J498,K498,L498
B499,C499,D499,E499,F499,G499,H499,I499,J499,K499,L499
B500,C500,D500,E500,F500,G500,H500,I500,J500,K500,L500
B502,C502,D502,E502,F502,G502,H502,I502,J502,K502,L502
B503,C503,D503,E503,F503,G503,H503,I503,J503,K503,L503
B504,C504,D504,E504,F504,G504,H504,I504,J504,K504,L504
B505,C505,D505,E505,F505,G505,H505,I505,J505,K505,L505
B506,C506,D506,E506,F506,G506,H506,I506,J506,K506,L506
B507,C507,D507,E507,F507,G507,H507,I507,J507,K507,L507
B508,C508,D508,E508,F508,G508,H508,I508,J508,K508,L508
B509,C509,D509,E509,F509,G509,H509,I509,J509,K509,L509
B510,C510,D510,E510,F510,G510,H510,I510,J510,K510,L510
B511,C511,D511,E511,F511,G511,H511,I511,J511,K511,L511
B512,C512,D512,E512,F512,G512,H512,I512,J512,K512,L512
B513,C513,D513,E513,F513,G513,H513,I513,J513,K513,L513
B514,C514,D514,E514,F514,G514,H514,I514,J514,K514,L514
B515,C515,D515,E515,F515,G515,H515,I515,J515,K515,L515
B517,C517,D517,E517,F517,G517,H517,I517,J517,K517,L517
B518,C518,D518,E518,F518,G518,H518,I518,J518,K518,L518
B519,C519,D519,E519,F519,G519,H519,I519,J519,K519,L519
B520,C520,D520,E520,F520,G520,H520,I520,J520,K520,L520
B521,C521,D521,E521,F521,G521,H521,I521,J521,K521,L521
B522,C522,D522,E522,F522,G522,H522,I522,J522,K522,L522
B523,C523,D523,E523,F523,G523,H523,I523,J523,K523,L523
B524,C524,D524,E524,F524,G524,H524,I524,J524,K524,L524
B525,C525,D525,E525,F525,G525,H525,I525,J525,K525,L525
B526,C526,D526,E526,F526,G526,H526,I526,J526,K526,L526
B527,C527,D527,E527,F527,G527,H527,I527,J527,K527,L527
B528,C528,D528,E528,F528,G528,H528,I528,J528,K528,L528
B529,C529,D529,E529,F529,G529,H529,I529,J529,K529,L529
B530,C530,D530,E530,F530,G530,H530,I530,J530,K530,L530
B532,C532,D532,E532,F532,G532,H532,I532,J532,K532,L532
B533,C533,D533,E533,F533,G533,H533,I533,J533,K533,L533
B534,C534,D534,E534,F534,G534,H534,I534,J534,K534,L534
B535,C535,D535,E535,F535,G535,H535,I535,J535,K535,L535
B536,C536,D536,E536,F536,G536,H536,I536,J536,K536,L536
B537,C537,D537,E537,F537,G537,H537,I537,J537,K537,L537
B538,C538,D538,E538,F538,G538,H538,I538,J538,K538,L538
B539,C539,D539,E539,F539,G539,H539,I539,J539,K539,L539
B540,C540,D540,E540,F540,G540,H540,I540,J540,K540,L540
B541,C541,D541,E541,F541,G541,H541,I541,J541,K541,L541
B542,C542,D542,E542,F542,G542,H542,I542,J542,K542,L542
B543,C543,D543,E543,F543,G543,H543,I543,J543,K543,L543
B544,C544,D544,E544,F544,G544,H544,I544,J544,K544,L544
B545,C545,D545,E545,F545,G545,H545,I545,J545,K545,L545
B547,C547,D547,E547,F547,G547,H547,I547,J547,K547,L547
B548,C548,D548,E548,F548,G548,H548,I548,J548,K548,L548
B549,C549,D549,E549,F549,G549,H549,I549,J549,K549,L549
B550,C550,D550,E550,F550,G550,H550,I550,J550,K550,L550
B551,C551,D551,E551,F551,G551,H551,I551,J551,K551,L551
B552,C552,D552,E552,F552,G552,H552,I552,J552,K552,L552
B553,C553,D553,E553,F553,G553,H553,I553,J553,K553,L553
B554,C554,D554,E554,F554,G554,H554,I554,J554,K554,L554
B555,C555,D555,E555,F555,G555,H555,I555,J555,K555,L555
B556,C556,D556,E556,F556,G556,H556,I556,J556,K556,L556
B557,C557,D557,E557,F557,G557,H557,I557,J557,K557,L557
B558,C558,D558,E558,F558,G558,H558,I558,J558,K558,L558
B559,C559,D559,E559,F559,G559,H559,I559,J559,K559,L559
B560,C560,D560,E560,F560,G560,H560,I560,J560,K560,L560
B562,C562,D562,E562,F562,G562,H562,I562,J562,K562,L562
B563,C563,D563,E563,F563,G563,H563,I563,J563,K563,L563
B564,C564,D564,E564,F564,G564,H564,I564,J564,K564,L564
B565,C565,D565,E565,F565,G565,H565,I565,J565,K565,L565
B566,C566,D566,E566,F566,G566,H566,I566,J566,K566,L566
B567,C567,D567,E567,F567,G567,H567,I567,J567,K567,L567
B568,C568,D568,E568,F568,G568,H568,I568,J568,K568,L568
B569,C569,D569,E569,F569,G569,H569,I569,J569,K569,L569
B570,C570,D570,E570,F570,G570,H570,I570,J570,K570,L570
B571,C571,D571,E571,F571,G571,H571,I571,J571,K571,L571
B572,C572,D572,E572,F572,G572,H572,I572,J572,K572,L572
B573,C573,D573,E573,F573,G573,H573,I573,J573,K573,L573
B574,C574,D574,E574,F574,G574,H574,I574,J574,K574,L574
B575,C575,D575,E575,F575,G575,H575,I575,J575,K575,L575
B577,C577,D577,E577,F577,G577,H577,I577,J577,K577,L577
B578,C578,D578,E578,F578,G578,H578,I578,J578,K578,L578
B579,C579,D579,E579,F579,G579,H579,I579,J579,K579,L579
B580,C580,D580,E580,F580,G580,H580,I580,J580,K580,L580
B581,C581,D581,E581,F581,G581,H581,I581,J581,K581,L581
B582,C582,D582,E582,F582,G582,H582,I582,J582,K582,L582
B583,C583,D583,E583,F583,G583,H583,I583,J583,K583,L583
B584,C584,D584,E584,F584,G584,H584,I584,J584,K584,L584
B585,C585,D585,E585,F585,G585,H585,I585,J585,K585,L585
B586,C586,D586,E586,F586,G586,H586,I586,J586,K586,L586
B587,C587,D587,E587,F587,G587,H587,I587,J587,K587,L587
B588,C588,D588,E588,F588,G588,H588,I588,J588,K588,L588
B589,C589,D589,E589,F589,G589,H589,I589,J589,K589,L589
B590,C590,D590,E590,F590,G590,H590,I590,J590,K590,L590
B592,C592,D592,E592,F592,G592,H592,I592,J592,K592,L592
B593,C593,D593,E593,F593,G593,H593,I593,J593,K593,L593
B594,C594,D594,E594,F594,G594,H594,I594,J594,K594,L594
B595,C595,D595,E595,F595,G595,H595,I595,J595,K595,L595
B596,C596,D596,E596,F596,G596,H596,I596,J596,K596,L596
B597,C597,D597,E597,F597,G597,H597,I597,J597,K597,L597
B598,C598,D598,E598,F598,G598,H598,I598,J598,K598,L598
B599,C599,D599,E599,F599,G599,H599,I599,J599,K599,L599
B600,C600,D600,E600,F600,G600,H600,I600,J600,K600,L600
B601,C601,D601,E601,F601,G601,H601,I601,J601,K601,L601
B602,C602,D602,E602,F602,G602,H602,I602,J602,K602,L602
B603,C603,D603,E603,F603,G603,H603,I603,J603,K603,L603
B604,C604,D604,E604,F604,G604,H604,I604,J604,K604,L604
B605,C605,D605,E605,F605,G605,H605,I605,J605,K605,L605
B607,C607,D607,E607,F607,G607,H607,I607,J607,K607,L607
B608,C608,D608,E608,F608,G608,H608,I608,J608,K608,L608
B609,C609,D609,E609,F609,G609,H609,I609,J609,K609,L609
B610,C610,D610,E610,F610,G610,H610,I610,J610,K610,L610
B611,C611,D611,E611,F611,G611,H611,I611,J611,K611,L611
B612,C612,D612,E612,F612,G612,H612,I612,J612,K612,L612
B613,C613,D613,E613,F613,G613,H613,I613,J613,K613,L613
B614,C614,D614,E614,F614,G614,H614,I614,J614,K614,L614
B615,C615,D615,E615,F615,G615,H615,I615,J615,K615,L615
B616,C616,D616,E616,F616,G616,H616,I616,J616,K616,L616
B617,C617,D617,E617,F617,G617,H617,I617,J617,K617,L617
B618,C618,D618,E618,F618,G618,H618,I618,J618,K618,L618
B619,C619,D619,E619,F619,G619,H619,I619,J619,K619,L619
B620,C620,D620,E620,F620,G620,H620,I620,J620,K620,L620
B622,C622,D622,E622,F622,G622,H622,I622,J622,K622,L622
B623,C623,D623,E623,F623,G623,H623,I623,J623,K623,L623
B624,C624,D624,E624,F624,G624,H624,I624,J624,K624,L624
B625,C625,D625,E625,F625,G625,H625,I625,J625,K625,L625
B626,C626,D626,E626,F626,G626,H626,I626,J626,K626,L626
B627,C627,D627,E627,F627,G627,H627,I627,J627,K627,L627
B628,C628,D628,E628,F628,G628,H628,I628,J628,K628,L628
B629,C629,D629,E629,F629,G629,H629,I629,J629,K629,L629
B630,C630,D630,E630,F630,G630,H630,I630,J630,K630,L630
B631,C631,D631,E631,F631,G631,H631,I631,J631,K631,L631
B632,C632,D632,E632,F632,G632,H632,I632,J632,K632,L632
B633,C633,D633,E633,F633,G633,H633,I633,J633,K633,L633
B634,C634,D634,E634,F634,G634,H634,I634,J634,K634,L634
B635,C635,D635,E635,F635,G635,H635,I635,J635,K635,L635
B637,C637,D637,E637,F637,G637,H637,I637,J637,K637,L637
B638,C638,D638,E638,F638,G638,H638,I638,J638,K638,L638
B639,C639,D639,E639,F639,G639,H639,I639,J639,K639,L639
B640,C640,D640,E640,F640,G640,H640,I640,J640,K640,L640
B641,C641,D641,E641,F641,G641,H641,I641,J641,K641,L641
B642,C642,D642,E642,F642,G642,H642,I642,J642,K642,L642
B643,C643,D643,E643,F643,G643,H643,I643,J643,K643,L643
B644,C644,D644,E644,F644,G644,H644,I644,J644,K644,L644
B645,C645,D645,E645,F645,G645,H645,I645,J645,K645,L645
B646,C646,D646,E646,F646,G646,H646,I646,J646,K646,L646
B647,C647,D647,E647,F647,G647,H647,I647,J647,K647,L647
B648,C648,D648,E648,F648,G648,H648,I648,J648,K648,L648
B649,C649,D649,E649,F649,G649,H649,I649,J649,K649,L649
B650,C650,D650,E650,F650,G650,H650,I650,J650,K650,L650
B652,C652,D652,E652,F652,G652,H652,I652,J652,K652,L652
B653,C653,D653,E653,F653,G653,H653,I653,J653,K653,L653
B654,C654,D654,E654,F654,G654,H654,I654,J654,K654,L654
B655,C655,D655,E655,F655,G655,H655,I655,J655,K655,L655
B656,C656,D656,E656,F656,G656,H656,I656,J656,K656,L656
B657,C657,D657,E657,F657,G657,H657,I657,J657,K657,L657
B658,C658,D658,E658,F658,G658,H658,I658,J658,K658,L658
B659,C659,D659,E659,F659,G659,H659,I659,J659,K659,L659
B660,C660,D660,E660,F660,G660,H660,I660,J660,K660,L660
B661,C661,D661,E661,F661,G661,H661,I661,J661,K661,L661
B662,C662,D662,E662,F662,G662,H662,I662,J662,K662,L662
B663,C663,D663,E663,F663,G663,H663,I663,J663,K663,L663
B664,C664,D664,E664,F664,G664,H664,I664,J664,K664,L664
B665,C665,D665,E665,F665,G665,H665,I665,J665,K665,L665
B667,C667,D667,E667,F667,G667,H667,I667,J667,K667,L667
B668,C668,D668,E668,F668,G668,H668,I668,J668,K668,L668
B669,C669,D669,E669,F669,G669,H669,I669,J669,K669,L669
B670,C670,D670,E670,F670,G670,H670,I670,J670,K670,L670
B671,C671,D671,E671,F671,G671,H671,I671,J671,K671,L671
B672,C672,D672,E672,F672,G672,H672,I672,J672,K672,L672
B673,C673,D673,E673,F673,G673,H673,I673,J673,K673,L673
B674,C674,D674,E674,F674,G674,H674,I674,J674,K674,L674
B675,C675,D675,E675,F675,G675,H675,I675,J675,K675,L675
B676,C676,D676,E676,F676,G676,H676,I676,J676,K676,L676
B677,C677,D677,E677,F677,G677,H677,I677,J677,K677,L677
B678,C678,D678,E678,F678,G678,H678,I678,J678,K678,L678
B679,C679,D679,E679,F679,G679,H679,I679,J679,K679,L679
B680,C680,D680,E680,F680,G680,H680,I680,J680,K680,L680
B682,C682,D682,E682,F682,G682,H682,I682,J682,K682,L682
B683,C683,D683,E683,F683,G683,H683,I683,J683,K683,L683
B684,C684,D684,E684,F684,G684,H684,I684,J684,K684,L684
B685,C685,D685,E685,F685,G685,H685,I685,J685,K685,L685
B686,C686,D686,E686,F686,G686,H686,I686,J686,K686,L686
B687,C687,D687,E687,F687,G687,H687,I687,J687,K687,L687
B688,C688,D688,E688,F688,G688,H688,I688,J688,K688,L688
B689,C689,D689,E689,F689,G689,H689,I689,J689,K689,L689
B690,C690,D690,E690,F690,G690,H690,I690,J690,K690,L690
B691,C691,D691,E691,F691,G691,H691,I691,J691,K691,L691
B692,C692,D692,E692,F692,G692,H692,I692,J692,K692,L692
B693,C693,D693,E693,F693,G693,H693,I693,J693,K693,L693
B694,C694,D694,E694,F694,G694,H694,I694,J694,K694,L694
B695,C695,D695,E695,F695,G695,H695,I695,J695,K695,L695
B697,C697,D697,E697,F697,G697,H697,I697,J697,K697,L697
B698,C698,D698,E698,F698,G698,H698,I698,J698,K698,L698
B699,C699,D699,E699,F699,G699,H699,I699,J699,K699,L699
B700,C700,D700,E700,F700,G700,H700,I700,J700,K700,L700
B701,C701,D701,E701,F701,G701,H701,I701,J701,K701,L701
B702,C702,D702,E702,F702,G702,H702,I702,J702,K702,L702
B703,C703,D703,E703,F703,G703,H703,I703,J703,K703,L703
B704,C704,D704,E704,F704,G704,H704,I704,J704,K704,L704
B705,C705,D705,E705,F705,G705,H705,I705,J705,K705,L705
B706,C706,D706,E706,F706,G706,H706,I706,J706,K706,L706
B707,C707,D707,E707,F707,G707,H707,I707,J707,K707,L707
B708,C708,D708,E708,F708,G708,H708,I708,J708,K708,L708
B709,C709,D709,E709,F709,G709,H709,I709,J709,K709,L709
B710,C710,D710,E710,F710,G710,H710,I710,J710,K710,L710
B712,C712,D712,E712,F712,G712,H712,I712,J712,K712,L712
B713,C713,D713,E713,F713,G713,H713,I713,J713,K713,L713
B714,C714,D714,E714,F714,G714,H714,I714,J714,K714,L714
B715,C715,D715,E715,F715,G715,H715,I715,J715,K715,L715
B716,C716,D716,E716,F716,G716,H716,I716,J716,K716,L716
B717,C717,D717,E717,F717,G717,H717,I717,J717,K717,L717
B718,C718,D718,E718,F718,G718,H718,I718,J718,K718,L718
B719,C719,D719,E719,F719,G719,H719,I719,J719,K719,L719
B720,C720,D720,E720,F720,G720,H720,I720,J720,K720,L720
B721,C721,D721,E721,F721,G721,H721,I721,J721,K721,L721
B722,C722,D722,E722,F722,G722,H722,I722,J722,K722,L722
B723,C723,D723,E723,F723,G723,H723,I723,J723,K723,L723
B724,C724,D724,E724,F724,G724,H724,I724,J724,K724,L724
B725,C725,D725,E725,F725,G725,H725,I725,J725,K725,L725
B727,C727,D727,E727,F727,G727,H727,I727,J727,K727,L727
B728,C728,D728,E728,F728,G728,H728,I728,J728,K728,L728
B729,C729,D729,E729,F729,G729,H729,I729,J729,K729,L729
B730,C730,D730,E730,F730,G730,H730,I730,J730,K730,L730
B731,C731,D731,E731,F731,G731,H731,I731,J731,K731,L731
B732,C732,D732,E732,F732,G732,H732,I732,J732,K732,L732
B733,C733,D733,E733,F733,G733,H733,I733,J733,K733,L733
B734,C734,D734,E734,F734,G734,H734,I734,J734,K734,L734
B735,C735,D735,E735,F735,G735,H735,I735,J735,K735,L735
B736,C736,D736,E736,F736,G736,H736,I736,J736,K736,L736
B737,C737,D737,E737,F737,G737,H737,I737,J737,K737,L737
B738,C738,D738,E738,F738,G738,H738,I738,J738,K738,L738
B739,C739,D739,E739,F739,G739,H739,I739,J739,K739,L739
B740,C740,D740,E740,F740,G740,H740,I740,J740,K740,L740
B742,C742,D742,E742,F742,G742,H742,I742,J742,K742,L742
B743,C743,D743,E743,F743,G743,H743,I743,J743,K743,L743
B744,C744,D744,E744,F744,G744,H744,I744,J744,K744,L744
B745,C745,D745,E745,F745,G745,H745,I745,J745,K745,L745
B746,C746,D746,E746,F746,G746,H746,I746,J746,K746,L746
B747,C747,D747,E747,F747,G747,H747,I747,J747,K747,L747
B748,C748,D748,E748,F748,G748,H748,I748,J748,K748,L748
B749,C749,D749,E749,F749,G749,H749,I749,J749,K749,L749
B750,C750,D750,E750,F750,G750,H750,I750,J750,K750,L750
B751,C751,D751,E751,F751,G751,H751,I751,J751,K751,L751
B752,C752,D752,E752,F752,G752,H752,I752,J752,K752,L752
B753,C753,D753,E753,F753,G753,H753,I753,J753,K753,L753
B754,C754,D754,E754,F754,G754,H754,I754,J754,K754,L754
B755,C755,D755,E755,F755,G755,H755,I755,J755,K755,L755
